app_name,apple_available,google_available,matched_count
Airbnb,500,600,500
Booking.com,500,600,500
Cash App,500,600,500
Coursera,500,600,500
Discord,500,600,500
Dropbox,500,600,500
Duolingo,500,600,500
Google Drive,500,600,500
Instagram,500,600,500
Khan Academy,500,600,500
Lyft,500,600,500
Microsoft OneDrive,500,600,500
Notion,450,600,450
Pandora,500,600,500
PayPal,150,600,150
Pinterest,500,600,500
Quizlet,500,600,500
Reddit,499,600,499
Robinhood,500,600,500
Shazam,500,600,500
Slack,500,600,500
SoundCloud,500,600,500
Spotify,500,600,500
TikTok,500,600,500
Uber,500,600,500
Venmo,500,600,500
Waze,500,600,500
YouTube Music,500,600,500
