app_name,app_id,category,batches_collected,raw_rows,unique_review_ids,duplicate_review_ids,earliest_review_date,latest_review_date,app_version_availability,developer_response_availability,collection_error
Spotify,com.spotify.music,Music & Audio,3,600,600,0,2026-08-13 08:08:52,2026-08-13 21:53:01,0.82,0.18,
YouTube Music,com.google.android.apps.youtube.music,Music & Audio,3,600,600,0,2026-08-10 20:04:57,2026-08-13 21:50:37,0.9,0.0,
SoundCloud,com.soundcloud.android,Music & Audio,3,600,600,0,2026-07-27 11:08:33,2026-08-13 21:35:08,0.9083333333333333,0.0016666666666666668,
Pandora,com.pandora.android,Music & Audio,3,600,600,0,2026-07-07 17:52:10,2026-08-13 20:40:37,0.8716666666666667,0.37166666666666665,
Shazam,com.shazam.android,Music & Audio,3,600,600,0,2026-08-04 14:01:18,2026-08-13 21:39:08,0.9033333333333333,0.0,
Uber,com.ubercab,Travel & Mobility,3,600,600,0,2026-08-12 12:37:12,2026-08-13 21:53:05,0.8616666666666667,0.0016666666666666668,
Lyft,me.lyft.android,Travel & Mobility,3,600,600,0,2026-07-24 09:40:51,2026-08-13 21:28:06,0.865,0.0016666666666666668,
Airbnb,com.airbnb.android,Travel & Mobility,3,600,600,0,2026-07-29 23:00:24,2026-08-13 20:44:07,0.8683333333333333,0.0,
Booking.com,com.booking,Travel & Mobility,3,600,600,0,2026-08-01 11:18:07,2026-08-13 21:18:19,0.8533333333333334,0.9716666666666667,
Waze,com.waze,Travel & Mobility,3,600,600,0,2026-08-03 18:19:13,2026-08-13 21:36:01,0.8633333333333333,0.20166666666666666,
Reddit,com.reddit.frontpage,Social & Community,3,600,600,0,2026-08-09 07:31:15,2026-08-13 21:42:35,0.7616666666666667,0.0,
TikTok,com.zhiliaoapp.musically,Social & Community,3,600,600,0,2026-08-12 21:43:42,2026-08-13 21:55:03,0.6583333333333333,0.8233333333333334,
Pinterest,com.pinterest,Social & Community,3,600,600,0,2026-08-10 14:24:26,2026-08-13 21:55:30,0.695,0.0,
Discord,com.discord,Social & Community,3,600,600,0,2026-08-10 02:23:13,2026-08-13 21:06:01,0.8133333333333334,0.33,
Instagram,com.instagram.android,Social & Community,3,600,600,0,2026-08-13 15:33:35,2026-08-13 21:58:42,0.7016666666666667,0.0,
Duolingo,com.duolingo,Education,3,600,600,0,2026-08-13 12:32:56,2026-08-13 21:55:58,0.9066666666666666,0.0,
Khan Academy,org.khanacademy.android,Education,3,600,600,0,2025-12-01 21:12:11,2026-08-13 10:31:13,0.7466666666666667,0.09833333333333333,
Quizlet,com.quizlet.quizletandroid,Education,3,600,600,0,2026-05-20 23:09:37,2026-08-13 21:17:55,0.905,0.0,
Coursera,org.coursera.android,Education,3,600,600,0,2025-11-03 02:51:43,2026-08-13 19:31:42,0.7933333333333333,0.0016666666666666668,
PayPal,com.paypal.android.p2pmobile,Finance,3,600,600,0,2026-08-06 19:27:04,2026-08-13 21:58:22,0.75,0.005,
Venmo,com.venmo,Finance,3,600,600,0,2026-08-06 18:07:47,2026-08-13 21:30:12,0.8766666666666667,0.008333333333333333,
Cash App,com.squareup.cash,Finance,3,600,600,0,2026-08-07 20:24:33,2026-08-13 21:26:17,0.89,0.89,
Robinhood,com.robinhood.android,Finance,3,600,600,0,2026-07-05 20:51:46,2026-08-13 20:44:10,0.8683333333333333,0.8016666666666666,
Notion,notion.id,Productivity & Cloud,3,600,600,0,2026-06-14 14:48:52,2026-08-13 16:16:29,0.88,0.0,
Dropbox,com.dropbox.android,Productivity & Cloud,3,600,600,0,2026-05-13 15:35:54,2026-08-13 18:53:09,0.7666666666666667,0.5033333333333333,
Slack,com.Slack,Productivity & Cloud,3,600,600,0,2026-05-26 08:48:13,2026-08-13 18:44:46,0.8566666666666667,0.013333333333333334,
Microsoft OneDrive,com.microsoft.skydrive,Productivity & Cloud,3,600,600,0,2026-07-28 20:50:04,2026-08-13 21:16:55,0.9266666666666666,0.0,
Google Drive,com.google.android.apps.docs,Productivity & Cloud,3,600,600,0,2026-07-30 19:45:07,2026-08-13 20:46:36,0.9133333333333333,0.18333333333333332,
